iter	MultiClassOneVsAll
0	0.6382198099
1	0.5890977025
2	0.5521193656
3	0.5172635617
4	0.485236067
5	0.4629702361
6	0.4446338288
