iter	MultiClass
0	1.926720872
999	0.5670657599
