,DT,LGBM,XGB,CAT,Soft Voting
Accuracy,0.94797,0.92663,0.94200,0.93094,0.94828
Recall,0.94797,0.92663,0.94200,0.93094,0.94828
Precision,0.94870,0.92823,0.94231,0.93128,0.94884
F1-Score,0.94811,0.92664,0.94202,0.93090,0.94834
AUC,0.98777,0.99487,0.99706,0.99575,0.99731
